{"cameraMode":{"drawMode":0,"name":"Shaded","section":"Shading Mode"},"sceneLighting":true,"audioPlay":false,"sceneViewState":{"m_AlwaysRefresh":false,"showFog":true,"showSkybox":true,"showFlares":true,"showImageEffects":true,"showParticleSystems":true,"showVisualEffectGraphs":true,"m_FxEnabled":true},"in2DMode":false,"pivot":{"x":3.0653302669525148,"y":1.5163583755493165,"z":-14.520237922668457},"rotation":{"x":-0.2019711434841156,"y":0.34725067019462588,"z":-0.07684919238090515,"w":-0.9125649929046631},"size":0.1800806224346161,"orthographic":false}